{"pages":[{"PageName":"Choose_Device","additionalInfo":{"sandboxName":"HUGOMFRPACK3","toolName":"OrderMax","language":"fr"},"configs":[]},{"PageName":"Warning_Message_Devive_PopUp","additionalInfo":{"sandboxName":"HUGOMFRPACK3","toolName":"OrderMax","language":"fr"},"configs":[]},{"PageName":"Apple_iPhone_15_Pro_Max","additionalInfo":{"sandboxName":"HUGOMFRPACK3","toolName":"OrderMax","language":"fr"},"configs":[]},{"PageName":"Down_Payment_120","additionalInfo":{"sandboxName":"HUGOMFRPACK3","toolName":"OrderMax","language":"fr"},"configs":[]},{"PageName":"Add_a_Device_Care_Plan_PopUp","additionalInfo":{"sandboxName":"HUGOMFRPACK3","toolName":"OrderMax","language":"fr"},"configs":[]},{"PageName":"Choose_Plan","additionalInfo":{"sandboxName":"HUGOMFRPACK3","toolName":"OrderMax","language":"fr"},"configs":[]},{"PageName":"Choose_add-ons","additionalInfo":{"sandboxName":"HUGOMFRPACK3","toolName":"OrderMax","language":"fr"},"configs":[]},{"PageName":"SmartPhone_Care_Consent_PopUp","additionalInfo":{"sandboxName":"HUGOMFRPACK3","toolName":"OrderMax","language":"fr"},"configs":[]},{"PageName":"Read_the_terms_and_conditions_PopUp","additionalInfo":{"sandboxName":"HUGOMFRPACK3","toolName":"OrderMax","language":"fr"},"configs":[]},{"PageName":"Special_offers","additionalInfo":{"sandboxName":"HUGOMFRPACK3","toolName":"OrderMax","language":"fr"},"configs":[]},{"PageName":"Special_offers_Before_Apply_Order","additionalInfo":{"sandboxName":"HUGOMFRPACK3","toolName":"OrderMax","language":"fr"},"configs":[]},{"PageName":"Future_monthly_charges","additionalInfo":{"sandboxName":"HUGOMFRPACK3","toolName":"OrderMax","language":"fr"},"configs":[]},{"PageName":"Apply_to_Order_PopUp","additionalInfo":{"sandboxName":"HUGOMFRPACK3","toolName":"OrderMax","language":"fr"},"configs":[]},{"PageName":"Activate_old_device_on_BYOD_PopUp","additionalInfo":{"sandboxName":"HUGOMFRPACK3","toolName":"OrderMax","language":"fr"},"configs":[]}]}