{"pages":[{"PageName":"Choose_Device","toolName":"OrderMax","language":"fr"},{"PageName":"Warning_Message_Devive_PopUp","toolName":"OrderMax","language":"fr"},{"PageName":"Apple_iPhone_15_Pro_Max","toolName":"OrderMax","language":"fr"},{"PageName":"Down_Payment_120","toolName":"OrderMax","language":"fr"},{"PageName":"Add_a_Device_Care_Plan_PopUp","toolName":"OrderMax","language":"fr"},{"PageName":"Choose_Plan","toolName":"OrderMax","language":"fr"},{"PageName":"Choose_add-ons","toolName":"OrderMax","language":"fr"},{"PageName":"SmartPhone_Care_Consent_PopUp","toolName":"OrderMax","language":"fr"},{"PageName":"Read_the_terms_and_conditions_PopUp","toolName":"OrderMax","language":"fr"},{"PageName":"Special_offers","toolName":"OrderMax","language":"fr"},{"PageName":"Special_offers_Before_Apply_Order","toolName":"OrderMax","language":"fr"},{"PageName":"Future_monthly_charges","toolName":"OrderMax","language":"fr"},{"PageName":"Apply_to_Order_PopUp","toolName":"OrderMax","language":"fr"},{"PageName":"Activate_old_device_on_BYOD_PopUp","toolName":"OrderMax","language":"fr"}]}